{"cameraMode":{"drawMode":0,"name":"Shaded","section":"Shading Mode"},"sceneLighting":false,"audioPlay":false,"sceneViewState":{"m_AlwaysRefresh":false,"showFog":true,"showSkybox":false,"showFlares":true,"showImageEffects":true,"showParticleSystems":true,"showVisualEffectGraphs":true,"m_FxEnabled":true},"in2DMode":false,"pivot":{"x":37.12750244140625,"y":4.495072364807129,"z":46.53965759277344},"rotation":{"x":-0.3029749393463135,"y":-0.0022897934541106226,"z":0.000726567639503628,"w":-0.9530081152915955},"size":0.36253687739372256,"orthographic":false}