{"cameraMode":{"drawMode":0,"name":"Shaded","section":"Shading Mode"},"sceneLighting":false,"audioPlay":false,"sceneViewState":{"m_AlwaysRefresh":false,"showFog":true,"showSkybox":false,"showFlares":true,"showImageEffects":true,"showParticleSystems":true,"showVisualEffectGraphs":true,"m_FxEnabled":true},"in2DMode":false,"pivot":{"x":9.088000297546387,"y":1.2020000219345093,"z":-0.7590000033378601},"rotation":{"x":-0.3029749393463135,"y":-0.0022897934541106226,"z":0.000726567639503628,"w":-0.9530081152915955},"size":0.2795086205005646,"orthographic":false}