{"cameraMode":{"drawMode":0,"name":"Shaded","section":"Shading Mode"},"sceneLighting":false,"audioPlay":false,"sceneViewState":{"m_AlwaysRefresh":false,"showFog":true,"showSkybox":false,"showFlares":true,"showImageEffects":true,"showParticleSystems":true,"showVisualEffectGraphs":true,"m_FxEnabled":true},"in2DMode":false,"pivot":{"x":35.208499908447269,"y":4.659999847412109,"z":46.569053649902347},"rotation":{"x":-0.10797189176082611,"y":0.04829416051506996,"z":-0.005253932438790798,"w":-0.9929832816123962},"size":0.28114446997642519,"orthographic":false}