{"cameraMode":{"drawMode":0,"name":"Shaded","section":"Shading Mode"},"sceneLighting":true,"audioPlay":false,"sceneViewState":{"m_AlwaysRefresh":false,"showFog":true,"showSkybox":true,"showFlares":true,"showImageEffects":true,"showParticleSystems":true,"showVisualEffectGraphs":true,"m_FxEnabled":true},"in2DMode":false,"pivot":{"x":148.45465087890626,"y":-10.241325378417969,"z":131.42416381835938},"rotation":{"x":0.3124585747718811,"y":0.10515240579843521,"z":-0.03482705354690552,"w":0.9434795379638672},"size":20.569448471069337,"orthographic":false}