{"cameraMode":{"drawMode":0,"name":"Shaded","section":"Shading Mode"},"sceneLighting":true,"audioPlay":false,"sceneViewState":{"m_AlwaysRefresh":false,"showFog":true,"showSkybox":true,"showFlares":true,"showImageEffects":true,"showParticleSystems":true,"showVisualEffectGraphs":true,"m_FxEnabled":true},"in2DMode":false,"pivot":{"x":229.03575134277345,"y":224.04144287109376,"z":58.70941162109375},"rotation":{"x":-0.0033096070401370527,"y":-0.0069028944708406929,"z":0.00002279651744174771,"w":-0.9999701976776123},"size":321.6865539550781,"orthographic":false}