{"cameraMode":{"drawMode":0,"name":"Shaded","section":"Shading Mode"},"sceneLighting":false,"audioPlay":false,"sceneViewState":{"m_AlwaysRefresh":false,"showFog":true,"showSkybox":false,"showFlares":true,"showImageEffects":true,"showParticleSystems":true,"showVisualEffectGraphs":true,"m_FxEnabled":true},"in2DMode":false,"pivot":{"x":-0.6390371322631836,"y":0.577845573425293,"z":-0.04001116752624512},"rotation":{"x":-0.08052040636539459,"y":0.8849950432777405,"z":-0.1668175458908081,"w":-0.42717283964157107},"size":1.0380196571350098,"orthographic":false}