{"cameraMode":{"drawMode":0,"name":"Shaded","section":"Shading Mode"},"sceneLighting":false,"audioPlay":false,"sceneViewState":{"m_AlwaysRefresh":false,"showFog":true,"showSkybox":false,"showFlares":true,"showImageEffects":true,"showParticleSystems":true,"showVisualEffectGraphs":true,"m_FxEnabled":true},"in2DMode":false,"pivot":{"x":9.56149959564209,"y":0.9330000281333923,"z":-1.2940000295639039},"rotation":{"x":-0.3029749393463135,"y":-0.0022897934541106226,"z":0.000726567639503628,"w":-0.9530081152915955},"size":0.30822035670280459,"orthographic":false}